Tokenizer,Fertility
LLaMA3.1-Base,2.0609476682048804
LAPT,2.0609476682048804
SAVA,1.8121867020537608
FVT,1.8121867020537608
