Tokenizer,Fertility
Mistral-Base,2.2215812771937165
Minerva-Target,1.779646571153832
