Model,AvgLightInferenceTimeSec
LLaMA3.1-Base, 75.607
LAPT,60.082378890139935
SAVA,17.700815904479988
FVT,32.03881538074
